"individuo","tamanho","sp"
"Ind1",25.659182178098,NA
"Ind2",154.667929378095,NA
"Ind3",3.334439077301,NA
"Ind4",1.87915734053554,NA
"Ind5",2.63108703883668,NA
"Ind6",3.07666798335345,NA
"Ind7",19.4242774998386,NA
"Ind8",2.71951336510381,NA
"Ind9",153.81042606616,NA
"Ind10",28.1311655987673,NA
